{
  "type_description_msg": {
    "type_description": {
      "type_name": "franka_msgs/action/ErrorRecovery",
      "fields": [
        {
          "name": "goal",
          "type": {
            "type_id": 1,
            "capacity": 0,
            "string_capacity": 0,
            "nested_type_name": "franka_msgs/action/ErrorRecovery_Goal"
          },
          "default_value": ""
        },
        {
          "name": "result",
          "type": {
            "type_id": 1,
            "capacity": 0,
            "string_capacity": 0,
            "nested_type_name": "franka_msgs/action/ErrorRecovery_Result"
          },
          "default_value": ""
        },
        {
          "name": "feedback",
          "type": {
            "type_id": 1,
            "capacity": 0,
            "string_capacity": 0,
            "nested_type_name": "franka_msgs/action/ErrorRecovery_Feedback"
          },
          "default_value": ""
        },
        {
          "name": "send_goal_service",
          "type": {
            "type_id": 1,
            "capacity": 0,
            "string_capacity": 0,
            "nested_type_name": "franka_msgs/action/ErrorRecovery_SendGoal"
          },
          "default_value": ""
        },
        {
          "name": "get_result_service",
          "type": {
            "type_id": 1,
            "capacity": 0,
            "string_capacity": 0,
            "nested_type_name": "franka_msgs/action/ErrorRecovery_GetResult"
          },
          "default_value": ""
        },
        {
          "name": "feedback_message",
          "type": {
            "type_id": 1,
            "capacity": 0,
            "string_capacity": 0,
            "nested_type_name": "franka_msgs/action/ErrorRecovery_FeedbackMessage"
          },
          "default_value": ""
        }
      ]
    },
    "referenced_type_descriptions": [
      {
        "type_name": "builtin_interfaces/msg/Time",
        "fields": [
          {
            "name": "sec",
            "type": {
              "type_id": 6,
              "capacity": 0,
              "string_capacity": 0,
              "nested_type_name": ""
            },
            "default_value": ""
          },
          {
            "name": "nanosec",
            "type": {
              "type_id": 7,
              "capacity": 0,
              "string_capacity": 0,
              "nested_type_name": ""
            },
            "default_value": ""
          }
        ]
      },
      {
        "type_name": "franka_msgs/action/ErrorRecovery_Feedback",
        "fields": [
          {
            "name": "structure_needs_at_least_one_member",
            "type": {
              "type_id": 3,
              "capacity": 0,
              "string_capacity": 0,
              "nested_type_name": ""
            },
            "default_value": ""
          }
        ]
      },
      {
        "type_name": "franka_msgs/action/ErrorRecovery_FeedbackMessage",
        "fields": [
          {
            "name": "goal_id",
            "type": {
              "type_id": 1,
              "capacity": 0,
              "string_capacity": 0,
              "nested_type_name": "unique_identifier_msgs/msg/UUID"
            },
            "default_value": ""
          },
          {
            "name": "feedback",
            "type": {
              "type_id": 1,
              "capacity": 0,
              "string_capacity": 0,
              "nested_type_name": "franka_msgs/action/ErrorRecovery_Feedback"
            },
            "default_value": ""
          }
        ]
      },
      {
        "type_name": "franka_msgs/action/ErrorRecovery_GetResult",
        "fields": [
          {
            "name": "request_message",
            "type": {
              "type_id": 1,
              "capacity": 0,
              "string_capacity": 0,
              "nested_type_name": "franka_msgs/action/ErrorRecovery_GetResult_Request"
            },
            "default_value": ""
          },
          {
            "name": "response_message",
            "type": {
              "type_id": 1,
              "capacity": 0,
              "string_capacity": 0,
              "nested_type_name": "franka_msgs/action/ErrorRecovery_GetResult_Response"
            },
            "default_value": ""
          },
          {
            "name": "event_message",
            "type": {
              "type_id": 1,
              "capacity": 0,
              "string_capacity": 0,
              "nested_type_name": "franka_msgs/action/ErrorRecovery_GetResult_Event"
            },
            "default_value": ""
          }
        ]
      },
      {
        "type_name": "franka_msgs/action/ErrorRecovery_GetResult_Event",
        "fields": [
          {
            "name": "info",
            "type": {
              "type_id": 1,
              "capacity": 0,
              "string_capacity": 0,
              "nested_type_name": "service_msgs/msg/ServiceEventInfo"
            },
            "default_value": ""
          },
          {
            "name": "request",
            "type": {
              "type_id": 97,
              "capacity": 1,
              "string_capacity": 0,
              "nested_type_name": "franka_msgs/action/ErrorRecovery_GetResult_Request"
            },
            "default_value": ""
          },
          {
            "name": "response",
            "type": {
              "type_id": 97,
              "capacity": 1,
              "string_capacity": 0,
              "nested_type_name": "franka_msgs/action/ErrorRecovery_GetResult_Response"
            },
            "default_value": ""
          }
        ]
      },
      {
        "type_name": "franka_msgs/action/ErrorRecovery_GetResult_Request",
        "fields": [
          {
            "name": "goal_id",
            "type": {
              "type_id": 1,
              "capacity": 0,
              "string_capacity": 0,
              "nested_type_name": "unique_identifier_msgs/msg/UUID"
            },
            "default_value": ""
          }
        ]
      },
      {
        "type_name": "franka_msgs/action/ErrorRecovery_GetResult_Response",
        "fields": [
          {
            "name": "status",
            "type": {
              "type_id": 2,
              "capacity": 0,
              "string_capacity": 0,
              "nested_type_name": ""
            },
            "default_value": ""
          },
          {
            "name": "result",
            "type": {
              "type_id": 1,
              "capacity": 0,
              "string_capacity": 0,
              "nested_type_name": "franka_msgs/action/ErrorRecovery_Result"
            },
            "default_value": ""
          }
        ]
      },
      {
        "type_name": "franka_msgs/action/ErrorRecovery_Goal",
        "fields": [
          {
            "name": "structure_needs_at_least_one_member",
            "type": {
              "type_id": 3,
              "capacity": 0,
              "string_capacity": 0,
              "nested_type_name": ""
            },
            "default_value": ""
          }
        ]
      },
      {
        "type_name": "franka_msgs/action/ErrorRecovery_Result",
        "fields": [
          {
            "name": "structure_needs_at_least_one_member",
            "type": {
              "type_id": 3,
              "capacity": 0,
              "string_capacity": 0,
              "nested_type_name": ""
            },
            "default_value": ""
          }
        ]
      },
      {
        "type_name": "franka_msgs/action/ErrorRecovery_SendGoal",
        "fields": [
          {
            "name": "request_message",
            "type": {
              "type_id": 1,
              "capacity": 0,
              "string_capacity": 0,
              "nested_type_name": "franka_msgs/action/ErrorRecovery_SendGoal_Request"
            },
            "default_value": ""
          },
          {
            "name": "response_message",
            "type": {
              "type_id": 1,
              "capacity": 0,
              "string_capacity": 0,
              "nested_type_name": "franka_msgs/action/ErrorRecovery_SendGoal_Response"
            },
            "default_value": ""
          },
          {
            "name": "event_message",
            "type": {
              "type_id": 1,
              "capacity": 0,
              "string_capacity": 0,
              "nested_type_name": "franka_msgs/action/ErrorRecovery_SendGoal_Event"
            },
            "default_value": ""
          }
        ]
      },
      {
        "type_name": "franka_msgs/action/ErrorRecovery_SendGoal_Event",
        "fields": [
          {
            "name": "info",
            "type": {
              "type_id": 1,
              "capacity": 0,
              "string_capacity": 0,
              "nested_type_name": "service_msgs/msg/ServiceEventInfo"
            },
            "default_value": ""
          },
          {
            "name": "request",
            "type": {
              "type_id": 97,
              "capacity": 1,
              "string_capacity": 0,
              "nested_type_name": "franka_msgs/action/ErrorRecovery_SendGoal_Request"
            },
            "default_value": ""
          },
          {
            "name": "response",
            "type": {
              "type_id": 97,
              "capacity": 1,
              "string_capacity": 0,
              "nested_type_name": "franka_msgs/action/ErrorRecovery_SendGoal_Response"
            },
            "default_value": ""
          }
        ]
      },
      {
        "type_name": "franka_msgs/action/ErrorRecovery_SendGoal_Request",
        "fields": [
          {
            "name": "goal_id",
            "type": {
              "type_id": 1,
              "capacity": 0,
              "string_capacity": 0,
              "nested_type_name": "unique_identifier_msgs/msg/UUID"
            },
            "default_value": ""
          },
          {
            "name": "goal",
            "type": {
              "type_id": 1,
              "capacity": 0,
              "string_capacity": 0,
              "nested_type_name": "franka_msgs/action/ErrorRecovery_Goal"
            },
            "default_value": ""
          }
        ]
      },
      {
        "type_name": "franka_msgs/action/ErrorRecovery_SendGoal_Response",
        "fields": [
          {
            "name": "accepted",
            "type": {
              "type_id": 15,
              "capacity": 0,
              "string_capacity": 0,
              "nested_type_name": ""
            },
            "default_value": ""
          },
          {
            "name": "stamp",
            "type": {
              "type_id": 1,
              "capacity": 0,
              "string_capacity": 0,
              "nested_type_name": "builtin_interfaces/msg/Time"
            },
            "default_value": ""
          }
        ]
      },
      {
        "type_name": "service_msgs/msg/ServiceEventInfo",
        "fields": [
          {
            "name": "event_type",
            "type": {
              "type_id": 3,
              "capacity": 0,
              "string_capacity": 0,
              "nested_type_name": ""
            },
            "default_value": ""
          },
          {
            "name": "stamp",
            "type": {
              "type_id": 1,
              "capacity": 0,
              "string_capacity": 0,
              "nested_type_name": "builtin_interfaces/msg/Time"
            },
            "default_value": ""
          },
          {
            "name": "client_gid",
            "type": {
              "type_id": 51,
              "capacity": 16,
              "string_capacity": 0,
              "nested_type_name": ""
            },
            "default_value": ""
          },
          {
            "name": "sequence_number",
            "type": {
              "type_id": 8,
              "capacity": 0,
              "string_capacity": 0,
              "nested_type_name": ""
            },
            "default_value": ""
          }
        ]
      },
      {
        "type_name": "unique_identifier_msgs/msg/UUID",
        "fields": [
          {
            "name": "uuid",
            "type": {
              "type_id": 51,
              "capacity": 16,
              "string_capacity": 0,
              "nested_type_name": ""
            },
            "default_value": ""
          }
        ]
      }
    ]
  },
  "type_hashes": [
    {
      "type_name": "franka_msgs/action/ErrorRecovery",
      "hash_string": "RIHS01_6c5dbf0517672f7127a92796e6a162d096e286c26f88c96177cb4c5448dfc5f5"
    },
    {
      "type_name": "builtin_interfaces/msg/Time",
      "hash_string": "RIHS01_b106235e25a4c5ed35098aa0a61a3ee9c9b18d197f398b0e4206cea9acf9c197"
    },
    {
      "type_name": "franka_msgs/action/ErrorRecovery_Feedback",
      "hash_string": "RIHS01_bfca857376ec8a8e8a05de701d17e1998265937fab9e24a9123760c0b4e535c4"
    },
    {
      "type_name": "franka_msgs/action/ErrorRecovery_FeedbackMessage",
      "hash_string": "RIHS01_9aa39d034b40daa2fda2c313f086a9446e068705a8022d0fab2bb5b5e7edaf0e"
    },
    {
      "type_name": "franka_msgs/action/ErrorRecovery_GetResult",
      "hash_string": "RIHS01_cd4ca7600294f5f0475401fca967b23e92ac128bee4fdc2c62b06ac4d6a67188"
    },
    {
      "type_name": "franka_msgs/action/ErrorRecovery_GetResult_Event",
      "hash_string": "RIHS01_9a7181fb3261a681611a5832125d8547edfee12a2b40a284a64bf8261b4d80ce"
    },
    {
      "type_name": "franka_msgs/action/ErrorRecovery_GetResult_Request",
      "hash_string": "RIHS01_f8083ee58cef727487b211081c7ed1877fc0957afab42f2639531b70b244b914"
    },
    {
      "type_name": "franka_msgs/action/ErrorRecovery_GetResult_Response",
      "hash_string": "RIHS01_b05dfca7e4d9ff8afa2741cd98c8e090cc5a1266547e14e43967f9662952c922"
    },
    {
      "type_name": "franka_msgs/action/ErrorRecovery_Goal",
      "hash_string": "RIHS01_43889cf2d3c839922879a5d4714510313396d171b316893f21dd13675fb32fec"
    },
    {
      "type_name": "franka_msgs/action/ErrorRecovery_Result",
      "hash_string": "RIHS01_74997c44439ad72ba37cacdc39d968e34ca84cc8e18ab6b9d5b883b59e8aef8e"
    },
    {
      "type_name": "franka_msgs/action/ErrorRecovery_SendGoal",
      "hash_string": "RIHS01_13076a484e1eced64306c5da75b90ce458e90260a4f06ddfd6b0687d9b66222e"
    },
    {
      "type_name": "franka_msgs/action/ErrorRecovery_SendGoal_Event",
      "hash_string": "RIHS01_732a18ba3b7903ee0d2ffc5b245bf07aec6980623989a2a47f0bc6ea89face7e"
    },
    {
      "type_name": "franka_msgs/action/ErrorRecovery_SendGoal_Request",
      "hash_string": "RIHS01_39a946d1c9f1a3e6766018e53f87806b6dce0e15490f0215e42b5b21d9d197a0"
    },
    {
      "type_name": "franka_msgs/action/ErrorRecovery_SendGoal_Response",
      "hash_string": "RIHS01_3a34425a9a1b2bd6d6cf1f90688a246f85681cb82c509521c85b9c6c70f039da"
    },
    {
      "type_name": "service_msgs/msg/ServiceEventInfo",
      "hash_string": "RIHS01_41bcbbe07a75c9b52bc96bfd5c24d7f0fc0a08c0cb7921b3373c5732345a6f45"
    },
    {
      "type_name": "unique_identifier_msgs/msg/UUID",
      "hash_string": "RIHS01_1b8e8aca958cbea28fe6ef60bf6c19b683c97a9ef60bb34752067d0f2f7ab437"
    }
  ]
}