{
  "type_description_msg": {
    "type_description": {
      "type_name": "franka_msgs/action/Grasp",
      "fields": [
        {
          "name": "goal",
          "type": {
            "type_id": 1,
            "capacity": 0,
            "string_capacity": 0,
            "nested_type_name": "franka_msgs/action/Grasp_Goal"
          },
          "default_value": ""
        },
        {
          "name": "result",
          "type": {
            "type_id": 1,
            "capacity": 0,
            "string_capacity": 0,
            "nested_type_name": "franka_msgs/action/Grasp_Result"
          },
          "default_value": ""
        },
        {
          "name": "feedback",
          "type": {
            "type_id": 1,
            "capacity": 0,
            "string_capacity": 0,
            "nested_type_name": "franka_msgs/action/Grasp_Feedback"
          },
          "default_value": ""
        },
        {
          "name": "send_goal_service",
          "type": {
            "type_id": 1,
            "capacity": 0,
            "string_capacity": 0,
            "nested_type_name": "franka_msgs/action/Grasp_SendGoal"
          },
          "default_value": ""
        },
        {
          "name": "get_result_service",
          "type": {
            "type_id": 1,
            "capacity": 0,
            "string_capacity": 0,
            "nested_type_name": "franka_msgs/action/Grasp_GetResult"
          },
          "default_value": ""
        },
        {
          "name": "feedback_message",
          "type": {
            "type_id": 1,
            "capacity": 0,
            "string_capacity": 0,
            "nested_type_name": "franka_msgs/action/Grasp_FeedbackMessage"
          },
          "default_value": ""
        }
      ]
    },
    "referenced_type_descriptions": [
      {
        "type_name": "builtin_interfaces/msg/Time",
        "fields": [
          {
            "name": "sec",
            "type": {
              "type_id": 6,
              "capacity": 0,
              "string_capacity": 0,
              "nested_type_name": ""
            },
            "default_value": ""
          },
          {
            "name": "nanosec",
            "type": {
              "type_id": 7,
              "capacity": 0,
              "string_capacity": 0,
              "nested_type_name": ""
            },
            "default_value": ""
          }
        ]
      },
      {
        "type_name": "franka_msgs/action/Grasp_Feedback",
        "fields": [
          {
            "name": "current_width",
            "type": {
              "type_id": 11,
              "capacity": 0,
              "string_capacity": 0,
              "nested_type_name": ""
            },
            "default_value": ""
          }
        ]
      },
      {
        "type_name": "franka_msgs/action/Grasp_FeedbackMessage",
        "fields": [
          {
            "name": "goal_id",
            "type": {
              "type_id": 1,
              "capacity": 0,
              "string_capacity": 0,
              "nested_type_name": "unique_identifier_msgs/msg/UUID"
            },
            "default_value": ""
          },
          {
            "name": "feedback",
            "type": {
              "type_id": 1,
              "capacity": 0,
              "string_capacity": 0,
              "nested_type_name": "franka_msgs/action/Grasp_Feedback"
            },
            "default_value": ""
          }
        ]
      },
      {
        "type_name": "franka_msgs/action/Grasp_GetResult",
        "fields": [
          {
            "name": "request_message",
            "type": {
              "type_id": 1,
              "capacity": 0,
              "string_capacity": 0,
              "nested_type_name": "franka_msgs/action/Grasp_GetResult_Request"
            },
            "default_value": ""
          },
          {
            "name": "response_message",
            "type": {
              "type_id": 1,
              "capacity": 0,
              "string_capacity": 0,
              "nested_type_name": "franka_msgs/action/Grasp_GetResult_Response"
            },
            "default_value": ""
          },
          {
            "name": "event_message",
            "type": {
              "type_id": 1,
              "capacity": 0,
              "string_capacity": 0,
              "nested_type_name": "franka_msgs/action/Grasp_GetResult_Event"
            },
            "default_value": ""
          }
        ]
      },
      {
        "type_name": "franka_msgs/action/Grasp_GetResult_Event",
        "fields": [
          {
            "name": "info",
            "type": {
              "type_id": 1,
              "capacity": 0,
              "string_capacity": 0,
              "nested_type_name": "service_msgs/msg/ServiceEventInfo"
            },
            "default_value": ""
          },
          {
            "name": "request",
            "type": {
              "type_id": 97,
              "capacity": 1,
              "string_capacity": 0,
              "nested_type_name": "franka_msgs/action/Grasp_GetResult_Request"
            },
            "default_value": ""
          },
          {
            "name": "response",
            "type": {
              "type_id": 97,
              "capacity": 1,
              "string_capacity": 0,
              "nested_type_name": "franka_msgs/action/Grasp_GetResult_Response"
            },
            "default_value": ""
          }
        ]
      },
      {
        "type_name": "franka_msgs/action/Grasp_GetResult_Request",
        "fields": [
          {
            "name": "goal_id",
            "type": {
              "type_id": 1,
              "capacity": 0,
              "string_capacity": 0,
              "nested_type_name": "unique_identifier_msgs/msg/UUID"
            },
            "default_value": ""
          }
        ]
      },
      {
        "type_name": "franka_msgs/action/Grasp_GetResult_Response",
        "fields": [
          {
            "name": "status",
            "type": {
              "type_id": 2,
              "capacity": 0,
              "string_capacity": 0,
              "nested_type_name": ""
            },
            "default_value": ""
          },
          {
            "name": "result",
            "type": {
              "type_id": 1,
              "capacity": 0,
              "string_capacity": 0,
              "nested_type_name": "franka_msgs/action/Grasp_Result"
            },
            "default_value": ""
          }
        ]
      },
      {
        "type_name": "franka_msgs/action/Grasp_Goal",
        "fields": [
          {
            "name": "width",
            "type": {
              "type_id": 11,
              "capacity": 0,
              "string_capacity": 0,
              "nested_type_name": ""
            },
            "default_value": ""
          },
          {
            "name": "epsilon",
            "type": {
              "type_id": 1,
              "capacity": 0,
              "string_capacity": 0,
              "nested_type_name": "franka_msgs/msg/GraspEpsilon"
            },
            "default_value": ""
          },
          {
            "name": "speed",
            "type": {
              "type_id": 11,
              "capacity": 0,
              "string_capacity": 0,
              "nested_type_name": ""
            },
            "default_value": ""
          },
          {
            "name": "force",
            "type": {
              "type_id": 11,
              "capacity": 0,
              "string_capacity": 0,
              "nested_type_name": ""
            },
            "default_value": ""
          }
        ]
      },
      {
        "type_name": "franka_msgs/action/Grasp_Result",
        "fields": [
          {
            "name": "success",
            "type": {
              "type_id": 15,
              "capacity": 0,
              "string_capacity": 0,
              "nested_type_name": ""
            },
            "default_value": ""
          },
          {
            "name": "error",
            "type": {
              "type_id": 17,
              "capacity": 0,
              "string_capacity": 0,
              "nested_type_name": ""
            },
            "default_value": ""
          }
        ]
      },
      {
        "type_name": "franka_msgs/action/Grasp_SendGoal",
        "fields": [
          {
            "name": "request_message",
            "type": {
              "type_id": 1,
              "capacity": 0,
              "string_capacity": 0,
              "nested_type_name": "franka_msgs/action/Grasp_SendGoal_Request"
            },
            "default_value": ""
          },
          {
            "name": "response_message",
            "type": {
              "type_id": 1,
              "capacity": 0,
              "string_capacity": 0,
              "nested_type_name": "franka_msgs/action/Grasp_SendGoal_Response"
            },
            "default_value": ""
          },
          {
            "name": "event_message",
            "type": {
              "type_id": 1,
              "capacity": 0,
              "string_capacity": 0,
              "nested_type_name": "franka_msgs/action/Grasp_SendGoal_Event"
            },
            "default_value": ""
          }
        ]
      },
      {
        "type_name": "franka_msgs/action/Grasp_SendGoal_Event",
        "fields": [
          {
            "name": "info",
            "type": {
              "type_id": 1,
              "capacity": 0,
              "string_capacity": 0,
              "nested_type_name": "service_msgs/msg/ServiceEventInfo"
            },
            "default_value": ""
          },
          {
            "name": "request",
            "type": {
              "type_id": 97,
              "capacity": 1,
              "string_capacity": 0,
              "nested_type_name": "franka_msgs/action/Grasp_SendGoal_Request"
            },
            "default_value": ""
          },
          {
            "name": "response",
            "type": {
              "type_id": 97,
              "capacity": 1,
              "string_capacity": 0,
              "nested_type_name": "franka_msgs/action/Grasp_SendGoal_Response"
            },
            "default_value": ""
          }
        ]
      },
      {
        "type_name": "franka_msgs/action/Grasp_SendGoal_Request",
        "fields": [
          {
            "name": "goal_id",
            "type": {
              "type_id": 1,
              "capacity": 0,
              "string_capacity": 0,
              "nested_type_name": "unique_identifier_msgs/msg/UUID"
            },
            "default_value": ""
          },
          {
            "name": "goal",
            "type": {
              "type_id": 1,
              "capacity": 0,
              "string_capacity": 0,
              "nested_type_name": "franka_msgs/action/Grasp_Goal"
            },
            "default_value": ""
          }
        ]
      },
      {
        "type_name": "franka_msgs/action/Grasp_SendGoal_Response",
        "fields": [
          {
            "name": "accepted",
            "type": {
              "type_id": 15,
              "capacity": 0,
              "string_capacity": 0,
              "nested_type_name": ""
            },
            "default_value": ""
          },
          {
            "name": "stamp",
            "type": {
              "type_id": 1,
              "capacity": 0,
              "string_capacity": 0,
              "nested_type_name": "builtin_interfaces/msg/Time"
            },
            "default_value": ""
          }
        ]
      },
      {
        "type_name": "franka_msgs/msg/GraspEpsilon",
        "fields": [
          {
            "name": "inner",
            "type": {
              "type_id": 11,
              "capacity": 0,
              "string_capacity": 0,
              "nested_type_name": ""
            },
            "default_value": "0.005"
          },
          {
            "name": "outer",
            "type": {
              "type_id": 11,
              "capacity": 0,
              "string_capacity": 0,
              "nested_type_name": ""
            },
            "default_value": "0.005"
          }
        ]
      },
      {
        "type_name": "service_msgs/msg/ServiceEventInfo",
        "fields": [
          {
            "name": "event_type",
            "type": {
              "type_id": 3,
              "capacity": 0,
              "string_capacity": 0,
              "nested_type_name": ""
            },
            "default_value": ""
          },
          {
            "name": "stamp",
            "type": {
              "type_id": 1,
              "capacity": 0,
              "string_capacity": 0,
              "nested_type_name": "builtin_interfaces/msg/Time"
            },
            "default_value": ""
          },
          {
            "name": "client_gid",
            "type": {
              "type_id": 51,
              "capacity": 16,
              "string_capacity": 0,
              "nested_type_name": ""
            },
            "default_value": ""
          },
          {
            "name": "sequence_number",
            "type": {
              "type_id": 8,
              "capacity": 0,
              "string_capacity": 0,
              "nested_type_name": ""
            },
            "default_value": ""
          }
        ]
      },
      {
        "type_name": "unique_identifier_msgs/msg/UUID",
        "fields": [
          {
            "name": "uuid",
            "type": {
              "type_id": 51,
              "capacity": 16,
              "string_capacity": 0,
              "nested_type_name": ""
            },
            "default_value": ""
          }
        ]
      }
    ]
  },
  "type_hashes": [
    {
      "type_name": "franka_msgs/action/Grasp",
      "hash_string": "RIHS01_8e8a4bb9d96564ae56fb2d47e932c65656316f5c10365958a26df3517a06bb92"
    },
    {
      "type_name": "builtin_interfaces/msg/Time",
      "hash_string": "RIHS01_b106235e25a4c5ed35098aa0a61a3ee9c9b18d197f398b0e4206cea9acf9c197"
    },
    {
      "type_name": "franka_msgs/action/Grasp_Feedback",
      "hash_string": "RIHS01_98e46899b441d2f450da39a69d2518312fefaf7e4ba7d24e4128ba5c2649f4a1"
    },
    {
      "type_name": "franka_msgs/action/Grasp_FeedbackMessage",
      "hash_string": "RIHS01_7b7a00a66aed431831ac3b2fda6e165401a3f9789c4f9dbdd2092ba75961b603"
    },
    {
      "type_name": "franka_msgs/action/Grasp_GetResult",
      "hash_string": "RIHS01_8173f9cefab8427941071d78a7459bfc002b98bc9856506e863c14e3b21f3632"
    },
    {
      "type_name": "franka_msgs/action/Grasp_GetResult_Event",
      "hash_string": "RIHS01_0765576ee56d6945624c50a0b3da68fb10b4216811d14915cc3ac1387b4c56d4"
    },
    {
      "type_name": "franka_msgs/action/Grasp_GetResult_Request",
      "hash_string": "RIHS01_9402ab508fd220f534157bab706e961013a7bb55b64dce97f2e71730b21bc68a"
    },
    {
      "type_name": "franka_msgs/action/Grasp_GetResult_Response",
      "hash_string": "RIHS01_c7c610ee4fa8346a0ed82701603971d82ea452e2e3063678ddc0debe96ce15f2"
    },
    {
      "type_name": "franka_msgs/action/Grasp_Goal",
      "hash_string": "RIHS01_428f419ee476685cacb4eb11299e26f3a2ffa1229aa9d7e4489eb4706d070e71"
    },
    {
      "type_name": "franka_msgs/action/Grasp_Result",
      "hash_string": "RIHS01_f2294990e5deb93e76692e787a35fd8d692f22982e21f2f3f488c92cef5bd713"
    },
    {
      "type_name": "franka_msgs/action/Grasp_SendGoal",
      "hash_string": "RIHS01_a94dcc7a1de6b32e4480f689af1c5c193311a715ca616349dd8bd78d39410af6"
    },
    {
      "type_name": "franka_msgs/action/Grasp_SendGoal_Event",
      "hash_string": "RIHS01_61772faf209a5a1217f4c3abae70e1d0b71ce50c0b094de20cd46d086e0d6eee"
    },
    {
      "type_name": "franka_msgs/action/Grasp_SendGoal_Request",
      "hash_string": "RIHS01_c8b2543a6fe8e2990d0d16eb0d0dc4f7c3a453d976f97a60aae3314612b3a650"
    },
    {
      "type_name": "franka_msgs/action/Grasp_SendGoal_Response",
      "hash_string": "RIHS01_e6483222c5973b7e307627bcd6bedac7113dceacfed3f725240a6b96da75af7d"
    },
    {
      "type_name": "franka_msgs/msg/GraspEpsilon",
      "hash_string": "RIHS01_387fda91ae7324c144958fa617e7d5dc21f99d6b054b141b073ead3d082f46d3"
    },
    {
      "type_name": "service_msgs/msg/ServiceEventInfo",
      "hash_string": "RIHS01_41bcbbe07a75c9b52bc96bfd5c24d7f0fc0a08c0cb7921b3373c5732345a6f45"
    },
    {
      "type_name": "unique_identifier_msgs/msg/UUID",
      "hash_string": "RIHS01_1b8e8aca958cbea28fe6ef60bf6c19b683c97a9ef60bb34752067d0f2f7ab437"
    }
  ]
}