{
  "type_description_msg": {
    "type_description": {
      "type_name": "franka_msgs/action/Homing",
      "fields": [
        {
          "name": "goal",
          "type": {
            "type_id": 1,
            "capacity": 0,
            "string_capacity": 0,
            "nested_type_name": "franka_msgs/action/Homing_Goal"
          },
          "default_value": ""
        },
        {
          "name": "result",
          "type": {
            "type_id": 1,
            "capacity": 0,
            "string_capacity": 0,
            "nested_type_name": "franka_msgs/action/Homing_Result"
          },
          "default_value": ""
        },
        {
          "name": "feedback",
          "type": {
            "type_id": 1,
            "capacity": 0,
            "string_capacity": 0,
            "nested_type_name": "franka_msgs/action/Homing_Feedback"
          },
          "default_value": ""
        },
        {
          "name": "send_goal_service",
          "type": {
            "type_id": 1,
            "capacity": 0,
            "string_capacity": 0,
            "nested_type_name": "franka_msgs/action/Homing_SendGoal"
          },
          "default_value": ""
        },
        {
          "name": "get_result_service",
          "type": {
            "type_id": 1,
            "capacity": 0,
            "string_capacity": 0,
            "nested_type_name": "franka_msgs/action/Homing_GetResult"
          },
          "default_value": ""
        },
        {
          "name": "feedback_message",
          "type": {
            "type_id": 1,
            "capacity": 0,
            "string_capacity": 0,
            "nested_type_name": "franka_msgs/action/Homing_FeedbackMessage"
          },
          "default_value": ""
        }
      ]
    },
    "referenced_type_descriptions": [
      {
        "type_name": "builtin_interfaces/msg/Time",
        "fields": [
          {
            "name": "sec",
            "type": {
              "type_id": 6,
              "capacity": 0,
              "string_capacity": 0,
              "nested_type_name": ""
            },
            "default_value": ""
          },
          {
            "name": "nanosec",
            "type": {
              "type_id": 7,
              "capacity": 0,
              "string_capacity": 0,
              "nested_type_name": ""
            },
            "default_value": ""
          }
        ]
      },
      {
        "type_name": "franka_msgs/action/Homing_Feedback",
        "fields": [
          {
            "name": "current_width",
            "type": {
              "type_id": 11,
              "capacity": 0,
              "string_capacity": 0,
              "nested_type_name": ""
            },
            "default_value": ""
          }
        ]
      },
      {
        "type_name": "franka_msgs/action/Homing_FeedbackMessage",
        "fields": [
          {
            "name": "goal_id",
            "type": {
              "type_id": 1,
              "capacity": 0,
              "string_capacity": 0,
              "nested_type_name": "unique_identifier_msgs/msg/UUID"
            },
            "default_value": ""
          },
          {
            "name": "feedback",
            "type": {
              "type_id": 1,
              "capacity": 0,
              "string_capacity": 0,
              "nested_type_name": "franka_msgs/action/Homing_Feedback"
            },
            "default_value": ""
          }
        ]
      },
      {
        "type_name": "franka_msgs/action/Homing_GetResult",
        "fields": [
          {
            "name": "request_message",
            "type": {
              "type_id": 1,
              "capacity": 0,
              "string_capacity": 0,
              "nested_type_name": "franka_msgs/action/Homing_GetResult_Request"
            },
            "default_value": ""
          },
          {
            "name": "response_message",
            "type": {
              "type_id": 1,
              "capacity": 0,
              "string_capacity": 0,
              "nested_type_name": "franka_msgs/action/Homing_GetResult_Response"
            },
            "default_value": ""
          },
          {
            "name": "event_message",
            "type": {
              "type_id": 1,
              "capacity": 0,
              "string_capacity": 0,
              "nested_type_name": "franka_msgs/action/Homing_GetResult_Event"
            },
            "default_value": ""
          }
        ]
      },
      {
        "type_name": "franka_msgs/action/Homing_GetResult_Event",
        "fields": [
          {
            "name": "info",
            "type": {
              "type_id": 1,
              "capacity": 0,
              "string_capacity": 0,
              "nested_type_name": "service_msgs/msg/ServiceEventInfo"
            },
            "default_value": ""
          },
          {
            "name": "request",
            "type": {
              "type_id": 97,
              "capacity": 1,
              "string_capacity": 0,
              "nested_type_name": "franka_msgs/action/Homing_GetResult_Request"
            },
            "default_value": ""
          },
          {
            "name": "response",
            "type": {
              "type_id": 97,
              "capacity": 1,
              "string_capacity": 0,
              "nested_type_name": "franka_msgs/action/Homing_GetResult_Response"
            },
            "default_value": ""
          }
        ]
      },
      {
        "type_name": "franka_msgs/action/Homing_GetResult_Request",
        "fields": [
          {
            "name": "goal_id",
            "type": {
              "type_id": 1,
              "capacity": 0,
              "string_capacity": 0,
              "nested_type_name": "unique_identifier_msgs/msg/UUID"
            },
            "default_value": ""
          }
        ]
      },
      {
        "type_name": "franka_msgs/action/Homing_GetResult_Response",
        "fields": [
          {
            "name": "status",
            "type": {
              "type_id": 2,
              "capacity": 0,
              "string_capacity": 0,
              "nested_type_name": ""
            },
            "default_value": ""
          },
          {
            "name": "result",
            "type": {
              "type_id": 1,
              "capacity": 0,
              "string_capacity": 0,
              "nested_type_name": "franka_msgs/action/Homing_Result"
            },
            "default_value": ""
          }
        ]
      },
      {
        "type_name": "franka_msgs/action/Homing_Goal",
        "fields": [
          {
            "name": "structure_needs_at_least_one_member",
            "type": {
              "type_id": 3,
              "capacity": 0,
              "string_capacity": 0,
              "nested_type_name": ""
            },
            "default_value": ""
          }
        ]
      },
      {
        "type_name": "franka_msgs/action/Homing_Result",
        "fields": [
          {
            "name": "success",
            "type": {
              "type_id": 15,
              "capacity": 0,
              "string_capacity": 0,
              "nested_type_name": ""
            },
            "default_value": ""
          },
          {
            "name": "error",
            "type": {
              "type_id": 17,
              "capacity": 0,
              "string_capacity": 0,
              "nested_type_name": ""
            },
            "default_value": ""
          }
        ]
      },
      {
        "type_name": "franka_msgs/action/Homing_SendGoal",
        "fields": [
          {
            "name": "request_message",
            "type": {
              "type_id": 1,
              "capacity": 0,
              "string_capacity": 0,
              "nested_type_name": "franka_msgs/action/Homing_SendGoal_Request"
            },
            "default_value": ""
          },
          {
            "name": "response_message",
            "type": {
              "type_id": 1,
              "capacity": 0,
              "string_capacity": 0,
              "nested_type_name": "franka_msgs/action/Homing_SendGoal_Response"
            },
            "default_value": ""
          },
          {
            "name": "event_message",
            "type": {
              "type_id": 1,
              "capacity": 0,
              "string_capacity": 0,
              "nested_type_name": "franka_msgs/action/Homing_SendGoal_Event"
            },
            "default_value": ""
          }
        ]
      },
      {
        "type_name": "franka_msgs/action/Homing_SendGoal_Event",
        "fields": [
          {
            "name": "info",
            "type": {
              "type_id": 1,
              "capacity": 0,
              "string_capacity": 0,
              "nested_type_name": "service_msgs/msg/ServiceEventInfo"
            },
            "default_value": ""
          },
          {
            "name": "request",
            "type": {
              "type_id": 97,
              "capacity": 1,
              "string_capacity": 0,
              "nested_type_name": "franka_msgs/action/Homing_SendGoal_Request"
            },
            "default_value": ""
          },
          {
            "name": "response",
            "type": {
              "type_id": 97,
              "capacity": 1,
              "string_capacity": 0,
              "nested_type_name": "franka_msgs/action/Homing_SendGoal_Response"
            },
            "default_value": ""
          }
        ]
      },
      {
        "type_name": "franka_msgs/action/Homing_SendGoal_Request",
        "fields": [
          {
            "name": "goal_id",
            "type": {
              "type_id": 1,
              "capacity": 0,
              "string_capacity": 0,
              "nested_type_name": "unique_identifier_msgs/msg/UUID"
            },
            "default_value": ""
          },
          {
            "name": "goal",
            "type": {
              "type_id": 1,
              "capacity": 0,
              "string_capacity": 0,
              "nested_type_name": "franka_msgs/action/Homing_Goal"
            },
            "default_value": ""
          }
        ]
      },
      {
        "type_name": "franka_msgs/action/Homing_SendGoal_Response",
        "fields": [
          {
            "name": "accepted",
            "type": {
              "type_id": 15,
              "capacity": 0,
              "string_capacity": 0,
              "nested_type_name": ""
            },
            "default_value": ""
          },
          {
            "name": "stamp",
            "type": {
              "type_id": 1,
              "capacity": 0,
              "string_capacity": 0,
              "nested_type_name": "builtin_interfaces/msg/Time"
            },
            "default_value": ""
          }
        ]
      },
      {
        "type_name": "service_msgs/msg/ServiceEventInfo",
        "fields": [
          {
            "name": "event_type",
            "type": {
              "type_id": 3,
              "capacity": 0,
              "string_capacity": 0,
              "nested_type_name": ""
            },
            "default_value": ""
          },
          {
            "name": "stamp",
            "type": {
              "type_id": 1,
              "capacity": 0,
              "string_capacity": 0,
              "nested_type_name": "builtin_interfaces/msg/Time"
            },
            "default_value": ""
          },
          {
            "name": "client_gid",
            "type": {
              "type_id": 51,
              "capacity": 16,
              "string_capacity": 0,
              "nested_type_name": ""
            },
            "default_value": ""
          },
          {
            "name": "sequence_number",
            "type": {
              "type_id": 8,
              "capacity": 0,
              "string_capacity": 0,
              "nested_type_name": ""
            },
            "default_value": ""
          }
        ]
      },
      {
        "type_name": "unique_identifier_msgs/msg/UUID",
        "fields": [
          {
            "name": "uuid",
            "type": {
              "type_id": 51,
              "capacity": 16,
              "string_capacity": 0,
              "nested_type_name": ""
            },
            "default_value": ""
          }
        ]
      }
    ]
  },
  "type_hashes": [
    {
      "type_name": "franka_msgs/action/Homing",
      "hash_string": "RIHS01_2156a4bd902561e59e6081ba94428daf9a453f960596f8b7ca12e8281e0caeeb"
    },
    {
      "type_name": "builtin_interfaces/msg/Time",
      "hash_string": "RIHS01_b106235e25a4c5ed35098aa0a61a3ee9c9b18d197f398b0e4206cea9acf9c197"
    },
    {
      "type_name": "franka_msgs/action/Homing_Feedback",
      "hash_string": "RIHS01_dbb1d527b591131dd7323edfe471ba2e47a3e6e69ac25ed4ce6f7b01cca97c27"
    },
    {
      "type_name": "franka_msgs/action/Homing_FeedbackMessage",
      "hash_string": "RIHS01_29366add0149e62983fa231761329e9bed4e50a1c6f57de471f531e3c2075b83"
    },
    {
      "type_name": "franka_msgs/action/Homing_GetResult",
      "hash_string": "RIHS01_cfe7c07ce2a7a161ab587d2281fa98f0ff98d4d7b8eebce25faec209c9d0cf9f"
    },
    {
      "type_name": "franka_msgs/action/Homing_GetResult_Event",
      "hash_string": "RIHS01_4f7ca4515f0ec34c4929977b335342cf81dd815c72a4e6d43d9950d99bf3e6d4"
    },
    {
      "type_name": "franka_msgs/action/Homing_GetResult_Request",
      "hash_string": "RIHS01_be789e9511b8eb75c52f564ee17d60fd3ac08953e73889e6b935b04234b97c8d"
    },
    {
      "type_name": "franka_msgs/action/Homing_GetResult_Response",
      "hash_string": "RIHS01_ec4b9bb5fb74beb996c44482b514bab4f147a932ea0140e127b41b5525f49179"
    },
    {
      "type_name": "franka_msgs/action/Homing_Goal",
      "hash_string": "RIHS01_e2b6f7bbb4241246e69b6ca8170f8d4693697f253b94f8ffdd3b7b65c3d9bb56"
    },
    {
      "type_name": "franka_msgs/action/Homing_Result",
      "hash_string": "RIHS01_e7f036b116a3a48e456b028fdb35b908f294dfd78adfc941b777b0335156d490"
    },
    {
      "type_name": "franka_msgs/action/Homing_SendGoal",
      "hash_string": "RIHS01_7aa565cb9a522a634a99b76fc61519c32b34582931acd8eddba0e9b900d57771"
    },
    {
      "type_name": "franka_msgs/action/Homing_SendGoal_Event",
      "hash_string": "RIHS01_ca099e9a13f21afc340520727f36be7ae3de6cabe4472b1ce835089488b72ad8"
    },
    {
      "type_name": "franka_msgs/action/Homing_SendGoal_Request",
      "hash_string": "RIHS01_e510ecdafc76e2dde00bc256c24677dbe8e8c6585bf7a6f664650fbca5b911ca"
    },
    {
      "type_name": "franka_msgs/action/Homing_SendGoal_Response",
      "hash_string": "RIHS01_f1922a434b2674c16f41f89d8527320615bbe2705221ebec3739b7fb5972c4d6"
    },
    {
      "type_name": "service_msgs/msg/ServiceEventInfo",
      "hash_string": "RIHS01_41bcbbe07a75c9b52bc96bfd5c24d7f0fc0a08c0cb7921b3373c5732345a6f45"
    },
    {
      "type_name": "unique_identifier_msgs/msg/UUID",
      "hash_string": "RIHS01_1b8e8aca958cbea28fe6ef60bf6c19b683c97a9ef60bb34752067d0f2f7ab437"
    }
  ]
}