{
  "type_description_msg": {
    "type_description": {
      "type_name": "franka_msgs/action/Move",
      "fields": [
        {
          "name": "goal",
          "type": {
            "type_id": 1,
            "capacity": 0,
            "string_capacity": 0,
            "nested_type_name": "franka_msgs/action/Move_Goal"
          },
          "default_value": ""
        },
        {
          "name": "result",
          "type": {
            "type_id": 1,
            "capacity": 0,
            "string_capacity": 0,
            "nested_type_name": "franka_msgs/action/Move_Result"
          },
          "default_value": ""
        },
        {
          "name": "feedback",
          "type": {
            "type_id": 1,
            "capacity": 0,
            "string_capacity": 0,
            "nested_type_name": "franka_msgs/action/Move_Feedback"
          },
          "default_value": ""
        },
        {
          "name": "send_goal_service",
          "type": {
            "type_id": 1,
            "capacity": 0,
            "string_capacity": 0,
            "nested_type_name": "franka_msgs/action/Move_SendGoal"
          },
          "default_value": ""
        },
        {
          "name": "get_result_service",
          "type": {
            "type_id": 1,
            "capacity": 0,
            "string_capacity": 0,
            "nested_type_name": "franka_msgs/action/Move_GetResult"
          },
          "default_value": ""
        },
        {
          "name": "feedback_message",
          "type": {
            "type_id": 1,
            "capacity": 0,
            "string_capacity": 0,
            "nested_type_name": "franka_msgs/action/Move_FeedbackMessage"
          },
          "default_value": ""
        }
      ]
    },
    "referenced_type_descriptions": [
      {
        "type_name": "builtin_interfaces/msg/Time",
        "fields": [
          {
            "name": "sec",
            "type": {
              "type_id": 6,
              "capacity": 0,
              "string_capacity": 0,
              "nested_type_name": ""
            },
            "default_value": ""
          },
          {
            "name": "nanosec",
            "type": {
              "type_id": 7,
              "capacity": 0,
              "string_capacity": 0,
              "nested_type_name": ""
            },
            "default_value": ""
          }
        ]
      },
      {
        "type_name": "franka_msgs/action/Move_Feedback",
        "fields": [
          {
            "name": "current_width",
            "type": {
              "type_id": 11,
              "capacity": 0,
              "string_capacity": 0,
              "nested_type_name": ""
            },
            "default_value": ""
          }
        ]
      },
      {
        "type_name": "franka_msgs/action/Move_FeedbackMessage",
        "fields": [
          {
            "name": "goal_id",
            "type": {
              "type_id": 1,
              "capacity": 0,
              "string_capacity": 0,
              "nested_type_name": "unique_identifier_msgs/msg/UUID"
            },
            "default_value": ""
          },
          {
            "name": "feedback",
            "type": {
              "type_id": 1,
              "capacity": 0,
              "string_capacity": 0,
              "nested_type_name": "franka_msgs/action/Move_Feedback"
            },
            "default_value": ""
          }
        ]
      },
      {
        "type_name": "franka_msgs/action/Move_GetResult",
        "fields": [
          {
            "name": "request_message",
            "type": {
              "type_id": 1,
              "capacity": 0,
              "string_capacity": 0,
              "nested_type_name": "franka_msgs/action/Move_GetResult_Request"
            },
            "default_value": ""
          },
          {
            "name": "response_message",
            "type": {
              "type_id": 1,
              "capacity": 0,
              "string_capacity": 0,
              "nested_type_name": "franka_msgs/action/Move_GetResult_Response"
            },
            "default_value": ""
          },
          {
            "name": "event_message",
            "type": {
              "type_id": 1,
              "capacity": 0,
              "string_capacity": 0,
              "nested_type_name": "franka_msgs/action/Move_GetResult_Event"
            },
            "default_value": ""
          }
        ]
      },
      {
        "type_name": "franka_msgs/action/Move_GetResult_Event",
        "fields": [
          {
            "name": "info",
            "type": {
              "type_id": 1,
              "capacity": 0,
              "string_capacity": 0,
              "nested_type_name": "service_msgs/msg/ServiceEventInfo"
            },
            "default_value": ""
          },
          {
            "name": "request",
            "type": {
              "type_id": 97,
              "capacity": 1,
              "string_capacity": 0,
              "nested_type_name": "franka_msgs/action/Move_GetResult_Request"
            },
            "default_value": ""
          },
          {
            "name": "response",
            "type": {
              "type_id": 97,
              "capacity": 1,
              "string_capacity": 0,
              "nested_type_name": "franka_msgs/action/Move_GetResult_Response"
            },
            "default_value": ""
          }
        ]
      },
      {
        "type_name": "franka_msgs/action/Move_GetResult_Request",
        "fields": [
          {
            "name": "goal_id",
            "type": {
              "type_id": 1,
              "capacity": 0,
              "string_capacity": 0,
              "nested_type_name": "unique_identifier_msgs/msg/UUID"
            },
            "default_value": ""
          }
        ]
      },
      {
        "type_name": "franka_msgs/action/Move_GetResult_Response",
        "fields": [
          {
            "name": "status",
            "type": {
              "type_id": 2,
              "capacity": 0,
              "string_capacity": 0,
              "nested_type_name": ""
            },
            "default_value": ""
          },
          {
            "name": "result",
            "type": {
              "type_id": 1,
              "capacity": 0,
              "string_capacity": 0,
              "nested_type_name": "franka_msgs/action/Move_Result"
            },
            "default_value": ""
          }
        ]
      },
      {
        "type_name": "franka_msgs/action/Move_Goal",
        "fields": [
          {
            "name": "width",
            "type": {
              "type_id": 11,
              "capacity": 0,
              "string_capacity": 0,
              "nested_type_name": ""
            },
            "default_value": ""
          },
          {
            "name": "speed",
            "type": {
              "type_id": 11,
              "capacity": 0,
              "string_capacity": 0,
              "nested_type_name": ""
            },
            "default_value": ""
          }
        ]
      },
      {
        "type_name": "franka_msgs/action/Move_Result",
        "fields": [
          {
            "name": "success",
            "type": {
              "type_id": 15,
              "capacity": 0,
              "string_capacity": 0,
              "nested_type_name": ""
            },
            "default_value": ""
          },
          {
            "name": "error",
            "type": {
              "type_id": 17,
              "capacity": 0,
              "string_capacity": 0,
              "nested_type_name": ""
            },
            "default_value": ""
          }
        ]
      },
      {
        "type_name": "franka_msgs/action/Move_SendGoal",
        "fields": [
          {
            "name": "request_message",
            "type": {
              "type_id": 1,
              "capacity": 0,
              "string_capacity": 0,
              "nested_type_name": "franka_msgs/action/Move_SendGoal_Request"
            },
            "default_value": ""
          },
          {
            "name": "response_message",
            "type": {
              "type_id": 1,
              "capacity": 0,
              "string_capacity": 0,
              "nested_type_name": "franka_msgs/action/Move_SendGoal_Response"
            },
            "default_value": ""
          },
          {
            "name": "event_message",
            "type": {
              "type_id": 1,
              "capacity": 0,
              "string_capacity": 0,
              "nested_type_name": "franka_msgs/action/Move_SendGoal_Event"
            },
            "default_value": ""
          }
        ]
      },
      {
        "type_name": "franka_msgs/action/Move_SendGoal_Event",
        "fields": [
          {
            "name": "info",
            "type": {
              "type_id": 1,
              "capacity": 0,
              "string_capacity": 0,
              "nested_type_name": "service_msgs/msg/ServiceEventInfo"
            },
            "default_value": ""
          },
          {
            "name": "request",
            "type": {
              "type_id": 97,
              "capacity": 1,
              "string_capacity": 0,
              "nested_type_name": "franka_msgs/action/Move_SendGoal_Request"
            },
            "default_value": ""
          },
          {
            "name": "response",
            "type": {
              "type_id": 97,
              "capacity": 1,
              "string_capacity": 0,
              "nested_type_name": "franka_msgs/action/Move_SendGoal_Response"
            },
            "default_value": ""
          }
        ]
      },
      {
        "type_name": "franka_msgs/action/Move_SendGoal_Request",
        "fields": [
          {
            "name": "goal_id",
            "type": {
              "type_id": 1,
              "capacity": 0,
              "string_capacity": 0,
              "nested_type_name": "unique_identifier_msgs/msg/UUID"
            },
            "default_value": ""
          },
          {
            "name": "goal",
            "type": {
              "type_id": 1,
              "capacity": 0,
              "string_capacity": 0,
              "nested_type_name": "franka_msgs/action/Move_Goal"
            },
            "default_value": ""
          }
        ]
      },
      {
        "type_name": "franka_msgs/action/Move_SendGoal_Response",
        "fields": [
          {
            "name": "accepted",
            "type": {
              "type_id": 15,
              "capacity": 0,
              "string_capacity": 0,
              "nested_type_name": ""
            },
            "default_value": ""
          },
          {
            "name": "stamp",
            "type": {
              "type_id": 1,
              "capacity": 0,
              "string_capacity": 0,
              "nested_type_name": "builtin_interfaces/msg/Time"
            },
            "default_value": ""
          }
        ]
      },
      {
        "type_name": "service_msgs/msg/ServiceEventInfo",
        "fields": [
          {
            "name": "event_type",
            "type": {
              "type_id": 3,
              "capacity": 0,
              "string_capacity": 0,
              "nested_type_name": ""
            },
            "default_value": ""
          },
          {
            "name": "stamp",
            "type": {
              "type_id": 1,
              "capacity": 0,
              "string_capacity": 0,
              "nested_type_name": "builtin_interfaces/msg/Time"
            },
            "default_value": ""
          },
          {
            "name": "client_gid",
            "type": {
              "type_id": 51,
              "capacity": 16,
              "string_capacity": 0,
              "nested_type_name": ""
            },
            "default_value": ""
          },
          {
            "name": "sequence_number",
            "type": {
              "type_id": 8,
              "capacity": 0,
              "string_capacity": 0,
              "nested_type_name": ""
            },
            "default_value": ""
          }
        ]
      },
      {
        "type_name": "unique_identifier_msgs/msg/UUID",
        "fields": [
          {
            "name": "uuid",
            "type": {
              "type_id": 51,
              "capacity": 16,
              "string_capacity": 0,
              "nested_type_name": ""
            },
            "default_value": ""
          }
        ]
      }
    ]
  },
  "type_hashes": [
    {
      "type_name": "franka_msgs/action/Move",
      "hash_string": "RIHS01_ff1f93537cae0ce92792433e368199606771ad62bb819d78078bfe37144d3ef1"
    },
    {
      "type_name": "builtin_interfaces/msg/Time",
      "hash_string": "RIHS01_b106235e25a4c5ed35098aa0a61a3ee9c9b18d197f398b0e4206cea9acf9c197"
    },
    {
      "type_name": "franka_msgs/action/Move_Feedback",
      "hash_string": "RIHS01_b06c651bb0f95f0f618e8051e5a9dd5face58ef2828e1dd50446df2a5fac3e1a"
    },
    {
      "type_name": "franka_msgs/action/Move_FeedbackMessage",
      "hash_string": "RIHS01_a9aef57c8a41e87a07a3536d9d7f3369c22d93f06e6709e29df4e3cb15c770ae"
    },
    {
      "type_name": "franka_msgs/action/Move_GetResult",
      "hash_string": "RIHS01_992680e017fda72633f03877fc37ef8ff5f962f78e49e58aacacafbc059c5558"
    },
    {
      "type_name": "franka_msgs/action/Move_GetResult_Event",
      "hash_string": "RIHS01_b231e56ccd96a8baf14b3ba644f9ab304615540a891618afdcf4894629425570"
    },
    {
      "type_name": "franka_msgs/action/Move_GetResult_Request",
      "hash_string": "RIHS01_3c4686c2e865833ea58717079c042c07086691f3c40bfd0378494a11d80a1f3d"
    },
    {
      "type_name": "franka_msgs/action/Move_GetResult_Response",
      "hash_string": "RIHS01_44821ab75a3ceacb1a6d3c65cb54c732e7c8fb180d914a219a787fbcfd0f0e3e"
    },
    {
      "type_name": "franka_msgs/action/Move_Goal",
      "hash_string": "RIHS01_16b42fe0e773dfad5429e6e58affa1614d4dbb1fa3af99da69311a3ad5557b94"
    },
    {
      "type_name": "franka_msgs/action/Move_Result",
      "hash_string": "RIHS01_ead952993d2a1f18328c138c4ace43a460d235051f15924308a7885e4d4356bd"
    },
    {
      "type_name": "franka_msgs/action/Move_SendGoal",
      "hash_string": "RIHS01_31c1b5b2c0527a7b084eff26ab9f9b9a69e6c88230d417380f42bf8f00eed83e"
    },
    {
      "type_name": "franka_msgs/action/Move_SendGoal_Event",
      "hash_string": "RIHS01_11397e11f0aa29953f9114cc0165b45028e2fce564c51eef1e33c3480fe592f5"
    },
    {
      "type_name": "franka_msgs/action/Move_SendGoal_Request",
      "hash_string": "RIHS01_49daa2f3f3e4ef7fdec15ab39e4a4ddd12937bb7788ba1ba5d698b9f70aa73da"
    },
    {
      "type_name": "franka_msgs/action/Move_SendGoal_Response",
      "hash_string": "RIHS01_e0054fb364ace7a2e6a2d354d389318156387d84384fb5aae0638b10e9798bf9"
    },
    {
      "type_name": "service_msgs/msg/ServiceEventInfo",
      "hash_string": "RIHS01_41bcbbe07a75c9b52bc96bfd5c24d7f0fc0a08c0cb7921b3373c5732345a6f45"
    },
    {
      "type_name": "unique_identifier_msgs/msg/UUID",
      "hash_string": "RIHS01_1b8e8aca958cbea28fe6ef60bf6c19b683c97a9ef60bb34752067d0f2f7ab437"
    }
  ]
}