{
  "type_description_msg": {
    "type_description": {
      "type_name": "franka_msgs/msg/CollisionIndicators",
      "fields": [
        {
          "name": "is_cartesian_linear_collision",
          "type": {
            "type_id": 1,
            "capacity": 0,
            "string_capacity": 0,
            "nested_type_name": "geometry_msgs/msg/Vector3"
          },
          "default_value": ""
        },
        {
          "name": "is_cartesian_angular_collision",
          "type": {
            "type_id": 1,
            "capacity": 0,
            "string_capacity": 0,
            "nested_type_name": "geometry_msgs/msg/Vector3"
          },
          "default_value": ""
        },
        {
          "name": "is_cartesian_linear_contact",
          "type": {
            "type_id": 1,
            "capacity": 0,
            "string_capacity": 0,
            "nested_type_name": "geometry_msgs/msg/Vector3"
          },
          "default_value": ""
        },
        {
          "name": "is_cartesian_angular_contact",
          "type": {
            "type_id": 1,
            "capacity": 0,
            "string_capacity": 0,
            "nested_type_name": "geometry_msgs/msg/Vector3"
          },
          "default_value": ""
        },
        {
          "name": "is_joint_collision",
          "type": {
            "type_id": 59,
            "capacity": 7,
            "string_capacity": 0,
            "nested_type_name": ""
          },
          "default_value": ""
        },
        {
          "name": "is_joint_contact",
          "type": {
            "type_id": 59,
            "capacity": 7,
            "string_capacity": 0,
            "nested_type_name": ""
          },
          "default_value": ""
        }
      ]
    },
    "referenced_type_descriptions": [
      {
        "type_name": "geometry_msgs/msg/Vector3",
        "fields": [
          {
            "name": "x",
            "type": {
              "type_id": 11,
              "capacity": 0,
              "string_capacity": 0,
              "nested_type_name": ""
            },
            "default_value": ""
          },
          {
            "name": "y",
            "type": {
              "type_id": 11,
              "capacity": 0,
              "string_capacity": 0,
              "nested_type_name": ""
            },
            "default_value": ""
          },
          {
            "name": "z",
            "type": {
              "type_id": 11,
              "capacity": 0,
              "string_capacity": 0,
              "nested_type_name": ""
            },
            "default_value": ""
          }
        ]
      }
    ]
  },
  "type_hashes": [
    {
      "type_name": "franka_msgs/msg/CollisionIndicators",
      "hash_string": "RIHS01_17d02113f0e8ec3768433baafd4f27fe5eaacf95d6c21f591bf3473e541e0840"
    },
    {
      "type_name": "geometry_msgs/msg/Vector3",
      "hash_string": "RIHS01_cc12fe83e4c02719f1ce8070bfd14aecd40f75a96696a67a2a1f37f7dbb0765d"
    }
  ]
}