{
  "type_description_msg": {
    "type_description": {
      "type_name": "franka_msgs/msg/FrankaRobotState",
      "fields": [
        {
          "name": "header",
          "type": {
            "type_id": 1,
            "capacity": 0,
            "string_capacity": 0,
            "nested_type_name": "std_msgs/msg/Header"
          },
          "default_value": ""
        },
        {
          "name": "collision_indicators",
          "type": {
            "type_id": 1,
            "capacity": 0,
            "string_capacity": 0,
            "nested_type_name": "franka_msgs/msg/CollisionIndicators"
          },
          "default_value": ""
        },
        {
          "name": "measured_joint_state",
          "type": {
            "type_id": 1,
            "capacity": 0,
            "string_capacity": 0,
            "nested_type_name": "sensor_msgs/msg/JointState"
          },
          "default_value": ""
        },
        {
          "name": "desired_joint_state",
          "type": {
            "type_id": 1,
            "capacity": 0,
            "string_capacity": 0,
            "nested_type_name": "sensor_msgs/msg/JointState"
          },
          "default_value": ""
        },
        {
          "name": "measured_joint_motor_state",
          "type": {
            "type_id": 1,
            "capacity": 0,
            "string_capacity": 0,
            "nested_type_name": "sensor_msgs/msg/JointState"
          },
          "default_value": ""
        },
        {
          "name": "ddq_d",
          "type": {
            "type_id": 59,
            "capacity": 7,
            "string_capacity": 0,
            "nested_type_name": ""
          },
          "default_value": ""
        },
        {
          "name": "dtau_j",
          "type": {
            "type_id": 59,
            "capacity": 7,
            "string_capacity": 0,
            "nested_type_name": ""
          },
          "default_value": ""
        },
        {
          "name": "tau_ext_hat_filtered",
          "type": {
            "type_id": 1,
            "capacity": 0,
            "string_capacity": 0,
            "nested_type_name": "sensor_msgs/msg/JointState"
          },
          "default_value": ""
        },
        {
          "name": "elbow",
          "type": {
            "type_id": 1,
            "capacity": 0,
            "string_capacity": 0,
            "nested_type_name": "franka_msgs/msg/Elbow"
          },
          "default_value": ""
        },
        {
          "name": "k_f_ext_hat_k",
          "type": {
            "type_id": 1,
            "capacity": 0,
            "string_capacity": 0,
            "nested_type_name": "geometry_msgs/msg/WrenchStamped"
          },
          "default_value": ""
        },
        {
          "name": "o_f_ext_hat_k",
          "type": {
            "type_id": 1,
            "capacity": 0,
            "string_capacity": 0,
            "nested_type_name": "geometry_msgs/msg/WrenchStamped"
          },
          "default_value": ""
        },
        {
          "name": "inertia_ee",
          "type": {
            "type_id": 1,
            "capacity": 0,
            "string_capacity": 0,
            "nested_type_name": "geometry_msgs/msg/InertiaStamped"
          },
          "default_value": ""
        },
        {
          "name": "inertia_load",
          "type": {
            "type_id": 1,
            "capacity": 0,
            "string_capacity": 0,
            "nested_type_name": "geometry_msgs/msg/InertiaStamped"
          },
          "default_value": ""
        },
        {
          "name": "inertia_total",
          "type": {
            "type_id": 1,
            "capacity": 0,
            "string_capacity": 0,
            "nested_type_name": "geometry_msgs/msg/InertiaStamped"
          },
          "default_value": ""
        },
        {
          "name": "o_t_ee",
          "type": {
            "type_id": 1,
            "capacity": 0,
            "string_capacity": 0,
            "nested_type_name": "geometry_msgs/msg/PoseStamped"
          },
          "default_value": ""
        },
        {
          "name": "o_t_ee_d",
          "type": {
            "type_id": 1,
            "capacity": 0,
            "string_capacity": 0,
            "nested_type_name": "geometry_msgs/msg/PoseStamped"
          },
          "default_value": ""
        },
        {
          "name": "o_t_ee_c",
          "type": {
            "type_id": 1,
            "capacity": 0,
            "string_capacity": 0,
            "nested_type_name": "geometry_msgs/msg/PoseStamped"
          },
          "default_value": ""
        },
        {
          "name": "f_t_ee",
          "type": {
            "type_id": 1,
            "capacity": 0,
            "string_capacity": 0,
            "nested_type_name": "geometry_msgs/msg/PoseStamped"
          },
          "default_value": ""
        },
        {
          "name": "ee_t_k",
          "type": {
            "type_id": 1,
            "capacity": 0,
            "string_capacity": 0,
            "nested_type_name": "geometry_msgs/msg/PoseStamped"
          },
          "default_value": ""
        },
        {
          "name": "o_dp_ee_d",
          "type": {
            "type_id": 1,
            "capacity": 0,
            "string_capacity": 0,
            "nested_type_name": "geometry_msgs/msg/TwistStamped"
          },
          "default_value": ""
        },
        {
          "name": "o_dp_ee_c",
          "type": {
            "type_id": 1,
            "capacity": 0,
            "string_capacity": 0,
            "nested_type_name": "geometry_msgs/msg/TwistStamped"
          },
          "default_value": ""
        },
        {
          "name": "o_ddp_ee_c",
          "type": {
            "type_id": 1,
            "capacity": 0,
            "string_capacity": 0,
            "nested_type_name": "geometry_msgs/msg/AccelStamped"
          },
          "default_value": ""
        },
        {
          "name": "time",
          "type": {
            "type_id": 11,
            "capacity": 0,
            "string_capacity": 0,
            "nested_type_name": ""
          },
          "default_value": ""
        },
        {
          "name": "control_command_success_rate",
          "type": {
            "type_id": 11,
            "capacity": 0,
            "string_capacity": 0,
            "nested_type_name": ""
          },
          "default_value": ""
        },
        {
          "name": "robot_mode",
          "type": {
            "type_id": 3,
            "capacity": 0,
            "string_capacity": 0,
            "nested_type_name": ""
          },
          "default_value": ""
        },
        {
          "name": "current_errors",
          "type": {
            "type_id": 1,
            "capacity": 0,
            "string_capacity": 0,
            "nested_type_name": "franka_msgs/msg/Errors"
          },
          "default_value": ""
        },
        {
          "name": "last_motion_errors",
          "type": {
            "type_id": 1,
            "capacity": 0,
            "string_capacity": 0,
            "nested_type_name": "franka_msgs/msg/Errors"
          },
          "default_value": ""
        }
      ]
    },
    "referenced_type_descriptions": [
      {
        "type_name": "builtin_interfaces/msg/Time",
        "fields": [
          {
            "name": "sec",
            "type": {
              "type_id": 6,
              "capacity": 0,
              "string_capacity": 0,
              "nested_type_name": ""
            },
            "default_value": ""
          },
          {
            "name": "nanosec",
            "type": {
              "type_id": 7,
              "capacity": 0,
              "string_capacity": 0,
              "nested_type_name": ""
            },
            "default_value": ""
          }
        ]
      },
      {
        "type_name": "franka_msgs/msg/CollisionIndicators",
        "fields": [
          {
            "name": "is_cartesian_linear_collision",
            "type": {
              "type_id": 1,
              "capacity": 0,
              "string_capacity": 0,
              "nested_type_name": "geometry_msgs/msg/Vector3"
            },
            "default_value": ""
          },
          {
            "name": "is_cartesian_angular_collision",
            "type": {
              "type_id": 1,
              "capacity": 0,
              "string_capacity": 0,
              "nested_type_name": "geometry_msgs/msg/Vector3"
            },
            "default_value": ""
          },
          {
            "name": "is_cartesian_linear_contact",
            "type": {
              "type_id": 1,
              "capacity": 0,
              "string_capacity": 0,
              "nested_type_name": "geometry_msgs/msg/Vector3"
            },
            "default_value": ""
          },
          {
            "name": "is_cartesian_angular_contact",
            "type": {
              "type_id": 1,
              "capacity": 0,
              "string_capacity": 0,
              "nested_type_name": "geometry_msgs/msg/Vector3"
            },
            "default_value": ""
          },
          {
            "name": "is_joint_collision",
            "type": {
              "type_id": 59,
              "capacity": 7,
              "string_capacity": 0,
              "nested_type_name": ""
            },
            "default_value": ""
          },
          {
            "name": "is_joint_contact",
            "type": {
              "type_id": 59,
              "capacity": 7,
              "string_capacity": 0,
              "nested_type_name": ""
            },
            "default_value": ""
          }
        ]
      },
      {
        "type_name": "franka_msgs/msg/Elbow",
        "fields": [
          {
            "name": "position",
            "type": {
              "type_id": 59,
              "capacity": 2,
              "string_capacity": 0,
              "nested_type_name": ""
            },
            "default_value": ""
          },
          {
            "name": "desired_position",
            "type": {
              "type_id": 59,
              "capacity": 2,
              "string_capacity": 0,
              "nested_type_name": ""
            },
            "default_value": ""
          },
          {
            "name": "commanded_position",
            "type": {
              "type_id": 59,
              "capacity": 2,
              "string_capacity": 0,
              "nested_type_name": ""
            },
            "default_value": ""
          },
          {
            "name": "commanded_velocity",
            "type": {
              "type_id": 59,
              "capacity": 2,
              "string_capacity": 0,
              "nested_type_name": ""
            },
            "default_value": ""
          },
          {
            "name": "commanded_acceleration",
            "type": {
              "type_id": 59,
              "capacity": 2,
              "string_capacity": 0,
              "nested_type_name": ""
            },
            "default_value": ""
          }
        ]
      },
      {
        "type_name": "franka_msgs/msg/Errors",
        "fields": [
          {
            "name": "joint_position_limits_violation",
            "type": {
              "type_id": 15,
              "capacity": 0,
              "string_capacity": 0,
              "nested_type_name": ""
            },
            "default_value": ""
          },
          {
            "name": "cartesian_position_limits_violation",
            "type": {
              "type_id": 15,
              "capacity": 0,
              "string_capacity": 0,
              "nested_type_name": ""
            },
            "default_value": ""
          },
          {
            "name": "self_collision_avoidance_violation",
            "type": {
              "type_id": 15,
              "capacity": 0,
              "string_capacity": 0,
              "nested_type_name": ""
            },
            "default_value": ""
          },
          {
            "name": "joint_velocity_violation",
            "type": {
              "type_id": 15,
              "capacity": 0,
              "string_capacity": 0,
              "nested_type_name": ""
            },
            "default_value": ""
          },
          {
            "name": "cartesian_velocity_violation",
            "type": {
              "type_id": 15,
              "capacity": 0,
              "string_capacity": 0,
              "nested_type_name": ""
            },
            "default_value": ""
          },
          {
            "name": "force_control_safety_violation",
            "type": {
              "type_id": 15,
              "capacity": 0,
              "string_capacity": 0,
              "nested_type_name": ""
            },
            "default_value": ""
          },
          {
            "name": "joint_reflex",
            "type": {
              "type_id": 15,
              "capacity": 0,
              "string_capacity": 0,
              "nested_type_name": ""
            },
            "default_value": ""
          },
          {
            "name": "cartesian_reflex",
            "type": {
              "type_id": 15,
              "capacity": 0,
              "string_capacity": 0,
              "nested_type_name": ""
            },
            "default_value": ""
          },
          {
            "name": "max_goal_pose_deviation_violation",
            "type": {
              "type_id": 15,
              "capacity": 0,
              "string_capacity": 0,
              "nested_type_name": ""
            },
            "default_value": ""
          },
          {
            "name": "max_path_pose_deviation_violation",
            "type": {
              "type_id": 15,
              "capacity": 0,
              "string_capacity": 0,
              "nested_type_name": ""
            },
            "default_value": ""
          },
          {
            "name": "cartesian_velocity_profile_safety_violation",
            "type": {
              "type_id": 15,
              "capacity": 0,
              "string_capacity": 0,
              "nested_type_name": ""
            },
            "default_value": ""
          },
          {
            "name": "joint_position_motion_generator_start_pose_invalid",
            "type": {
              "type_id": 15,
              "capacity": 0,
              "string_capacity": 0,
              "nested_type_name": ""
            },
            "default_value": ""
          },
          {
            "name": "joint_motion_generator_position_limits_violation",
            "type": {
              "type_id": 15,
              "capacity": 0,
              "string_capacity": 0,
              "nested_type_name": ""
            },
            "default_value": ""
          },
          {
            "name": "joint_motion_generator_velocity_limits_violation",
            "type": {
              "type_id": 15,
              "capacity": 0,
              "string_capacity": 0,
              "nested_type_name": ""
            },
            "default_value": ""
          },
          {
            "name": "joint_motion_generator_velocity_discontinuity",
            "type": {
              "type_id": 15,
              "capacity": 0,
              "string_capacity": 0,
              "nested_type_name": ""
            },
            "default_value": ""
          },
          {
            "name": "joint_motion_generator_acceleration_discontinuity",
            "type": {
              "type_id": 15,
              "capacity": 0,
              "string_capacity": 0,
              "nested_type_name": ""
            },
            "default_value": ""
          },
          {
            "name": "cartesian_position_motion_generator_start_pose_invalid",
            "type": {
              "type_id": 15,
              "capacity": 0,
              "string_capacity": 0,
              "nested_type_name": ""
            },
            "default_value": ""
          },
          {
            "name": "cartesian_motion_generator_elbow_limit_violation",
            "type": {
              "type_id": 15,
              "capacity": 0,
              "string_capacity": 0,
              "nested_type_name": ""
            },
            "default_value": ""
          },
          {
            "name": "cartesian_motion_generator_velocity_limits_violation",
            "type": {
              "type_id": 15,
              "capacity": 0,
              "string_capacity": 0,
              "nested_type_name": ""
            },
            "default_value": ""
          },
          {
            "name": "cartesian_motion_generator_velocity_discontinuity",
            "type": {
              "type_id": 15,
              "capacity": 0,
              "string_capacity": 0,
              "nested_type_name": ""
            },
            "default_value": ""
          },
          {
            "name": "cartesian_motion_generator_acceleration_discontinuity",
            "type": {
              "type_id": 15,
              "capacity": 0,
              "string_capacity": 0,
              "nested_type_name": ""
            },
            "default_value": ""
          },
          {
            "name": "cartesian_motion_generator_elbow_sign_inconsistent",
            "type": {
              "type_id": 15,
              "capacity": 0,
              "string_capacity": 0,
              "nested_type_name": ""
            },
            "default_value": ""
          },
          {
            "name": "cartesian_motion_generator_start_elbow_invalid",
            "type": {
              "type_id": 15,
              "capacity": 0,
              "string_capacity": 0,
              "nested_type_name": ""
            },
            "default_value": ""
          },
          {
            "name": "cartesian_motion_generator_joint_position_limits_violation",
            "type": {
              "type_id": 15,
              "capacity": 0,
              "string_capacity": 0,
              "nested_type_name": ""
            },
            "default_value": ""
          },
          {
            "name": "cartesian_motion_generator_joint_velocity_limits_violation",
            "type": {
              "type_id": 15,
              "capacity": 0,
              "string_capacity": 0,
              "nested_type_name": ""
            },
            "default_value": ""
          },
          {
            "name": "cartesian_motion_generator_joint_velocity_discontinuity",
            "type": {
              "type_id": 15,
              "capacity": 0,
              "string_capacity": 0,
              "nested_type_name": ""
            },
            "default_value": ""
          },
          {
            "name": "cartesian_motion_generator_joint_acceleration_discontinuity",
            "type": {
              "type_id": 15,
              "capacity": 0,
              "string_capacity": 0,
              "nested_type_name": ""
            },
            "default_value": ""
          },
          {
            "name": "cartesian_position_motion_generator_invalid_frame",
            "type": {
              "type_id": 15,
              "capacity": 0,
              "string_capacity": 0,
              "nested_type_name": ""
            },
            "default_value": ""
          },
          {
            "name": "force_controller_desired_force_tolerance_violation",
            "type": {
              "type_id": 15,
              "capacity": 0,
              "string_capacity": 0,
              "nested_type_name": ""
            },
            "default_value": ""
          },
          {
            "name": "controller_torque_discontinuity",
            "type": {
              "type_id": 15,
              "capacity": 0,
              "string_capacity": 0,
              "nested_type_name": ""
            },
            "default_value": ""
          },
          {
            "name": "start_elbow_sign_inconsistent",
            "type": {
              "type_id": 15,
              "capacity": 0,
              "string_capacity": 0,
              "nested_type_name": ""
            },
            "default_value": ""
          },
          {
            "name": "communication_constraints_violation",
            "type": {
              "type_id": 15,
              "capacity": 0,
              "string_capacity": 0,
              "nested_type_name": ""
            },
            "default_value": ""
          },
          {
            "name": "power_limit_violation",
            "type": {
              "type_id": 15,
              "capacity": 0,
              "string_capacity": 0,
              "nested_type_name": ""
            },
            "default_value": ""
          },
          {
            "name": "joint_p2p_insufficient_torque_for_planning",
            "type": {
              "type_id": 15,
              "capacity": 0,
              "string_capacity": 0,
              "nested_type_name": ""
            },
            "default_value": ""
          },
          {
            "name": "tau_j_range_violation",
            "type": {
              "type_id": 15,
              "capacity": 0,
              "string_capacity": 0,
              "nested_type_name": ""
            },
            "default_value": ""
          },
          {
            "name": "instability_detected",
            "type": {
              "type_id": 15,
              "capacity": 0,
              "string_capacity": 0,
              "nested_type_name": ""
            },
            "default_value": ""
          }
        ]
      },
      {
        "type_name": "geometry_msgs/msg/Accel",
        "fields": [
          {
            "name": "linear",
            "type": {
              "type_id": 1,
              "capacity": 0,
              "string_capacity": 0,
              "nested_type_name": "geometry_msgs/msg/Vector3"
            },
            "default_value": ""
          },
          {
            "name": "angular",
            "type": {
              "type_id": 1,
              "capacity": 0,
              "string_capacity": 0,
              "nested_type_name": "geometry_msgs/msg/Vector3"
            },
            "default_value": ""
          }
        ]
      },
      {
        "type_name": "geometry_msgs/msg/AccelStamped",
        "fields": [
          {
            "name": "header",
            "type": {
              "type_id": 1,
              "capacity": 0,
              "string_capacity": 0,
              "nested_type_name": "std_msgs/msg/Header"
            },
            "default_value": ""
          },
          {
            "name": "accel",
            "type": {
              "type_id": 1,
              "capacity": 0,
              "string_capacity": 0,
              "nested_type_name": "geometry_msgs/msg/Accel"
            },
            "default_value": ""
          }
        ]
      },
      {
        "type_name": "geometry_msgs/msg/Inertia",
        "fields": [
          {
            "name": "m",
            "type": {
              "type_id": 11,
              "capacity": 0,
              "string_capacity": 0,
              "nested_type_name": ""
            },
            "default_value": ""
          },
          {
            "name": "com",
            "type": {
              "type_id": 1,
              "capacity": 0,
              "string_capacity": 0,
              "nested_type_name": "geometry_msgs/msg/Vector3"
            },
            "default_value": ""
          },
          {
            "name": "ixx",
            "type": {
              "type_id": 11,
              "capacity": 0,
              "string_capacity": 0,
              "nested_type_name": ""
            },
            "default_value": ""
          },
          {
            "name": "ixy",
            "type": {
              "type_id": 11,
              "capacity": 0,
              "string_capacity": 0,
              "nested_type_name": ""
            },
            "default_value": ""
          },
          {
            "name": "ixz",
            "type": {
              "type_id": 11,
              "capacity": 0,
              "string_capacity": 0,
              "nested_type_name": ""
            },
            "default_value": ""
          },
          {
            "name": "iyy",
            "type": {
              "type_id": 11,
              "capacity": 0,
              "string_capacity": 0,
              "nested_type_name": ""
            },
            "default_value": ""
          },
          {
            "name": "iyz",
            "type": {
              "type_id": 11,
              "capacity": 0,
              "string_capacity": 0,
              "nested_type_name": ""
            },
            "default_value": ""
          },
          {
            "name": "izz",
            "type": {
              "type_id": 11,
              "capacity": 0,
              "string_capacity": 0,
              "nested_type_name": ""
            },
            "default_value": ""
          }
        ]
      },
      {
        "type_name": "geometry_msgs/msg/InertiaStamped",
        "fields": [
          {
            "name": "header",
            "type": {
              "type_id": 1,
              "capacity": 0,
              "string_capacity": 0,
              "nested_type_name": "std_msgs/msg/Header"
            },
            "default_value": ""
          },
          {
            "name": "inertia",
            "type": {
              "type_id": 1,
              "capacity": 0,
              "string_capacity": 0,
              "nested_type_name": "geometry_msgs/msg/Inertia"
            },
            "default_value": ""
          }
        ]
      },
      {
        "type_name": "geometry_msgs/msg/Point",
        "fields": [
          {
            "name": "x",
            "type": {
              "type_id": 11,
              "capacity": 0,
              "string_capacity": 0,
              "nested_type_name": ""
            },
            "default_value": ""
          },
          {
            "name": "y",
            "type": {
              "type_id": 11,
              "capacity": 0,
              "string_capacity": 0,
              "nested_type_name": ""
            },
            "default_value": ""
          },
          {
            "name": "z",
            "type": {
              "type_id": 11,
              "capacity": 0,
              "string_capacity": 0,
              "nested_type_name": ""
            },
            "default_value": ""
          }
        ]
      },
      {
        "type_name": "geometry_msgs/msg/Pose",
        "fields": [
          {
            "name": "position",
            "type": {
              "type_id": 1,
              "capacity": 0,
              "string_capacity": 0,
              "nested_type_name": "geometry_msgs/msg/Point"
            },
            "default_value": ""
          },
          {
            "name": "orientation",
            "type": {
              "type_id": 1,
              "capacity": 0,
              "string_capacity": 0,
              "nested_type_name": "geometry_msgs/msg/Quaternion"
            },
            "default_value": ""
          }
        ]
      },
      {
        "type_name": "geometry_msgs/msg/PoseStamped",
        "fields": [
          {
            "name": "header",
            "type": {
              "type_id": 1,
              "capacity": 0,
              "string_capacity": 0,
              "nested_type_name": "std_msgs/msg/Header"
            },
            "default_value": ""
          },
          {
            "name": "pose",
            "type": {
              "type_id": 1,
              "capacity": 0,
              "string_capacity": 0,
              "nested_type_name": "geometry_msgs/msg/Pose"
            },
            "default_value": ""
          }
        ]
      },
      {
        "type_name": "geometry_msgs/msg/Quaternion",
        "fields": [
          {
            "name": "x",
            "type": {
              "type_id": 11,
              "capacity": 0,
              "string_capacity": 0,
              "nested_type_name": ""
            },
            "default_value": "0.0"
          },
          {
            "name": "y",
            "type": {
              "type_id": 11,
              "capacity": 0,
              "string_capacity": 0,
              "nested_type_name": ""
            },
            "default_value": "0.0"
          },
          {
            "name": "z",
            "type": {
              "type_id": 11,
              "capacity": 0,
              "string_capacity": 0,
              "nested_type_name": ""
            },
            "default_value": "0.0"
          },
          {
            "name": "w",
            "type": {
              "type_id": 11,
              "capacity": 0,
              "string_capacity": 0,
              "nested_type_name": ""
            },
            "default_value": "1.0"
          }
        ]
      },
      {
        "type_name": "geometry_msgs/msg/Twist",
        "fields": [
          {
            "name": "linear",
            "type": {
              "type_id": 1,
              "capacity": 0,
              "string_capacity": 0,
              "nested_type_name": "geometry_msgs/msg/Vector3"
            },
            "default_value": ""
          },
          {
            "name": "angular",
            "type": {
              "type_id": 1,
              "capacity": 0,
              "string_capacity": 0,
              "nested_type_name": "geometry_msgs/msg/Vector3"
            },
            "default_value": ""
          }
        ]
      },
      {
        "type_name": "geometry_msgs/msg/TwistStamped",
        "fields": [
          {
            "name": "header",
            "type": {
              "type_id": 1,
              "capacity": 0,
              "string_capacity": 0,
              "nested_type_name": "std_msgs/msg/Header"
            },
            "default_value": ""
          },
          {
            "name": "twist",
            "type": {
              "type_id": 1,
              "capacity": 0,
              "string_capacity": 0,
              "nested_type_name": "geometry_msgs/msg/Twist"
            },
            "default_value": ""
          }
        ]
      },
      {
        "type_name": "geometry_msgs/msg/Vector3",
        "fields": [
          {
            "name": "x",
            "type": {
              "type_id": 11,
              "capacity": 0,
              "string_capacity": 0,
              "nested_type_name": ""
            },
            "default_value": ""
          },
          {
            "name": "y",
            "type": {
              "type_id": 11,
              "capacity": 0,
              "string_capacity": 0,
              "nested_type_name": ""
            },
            "default_value": ""
          },
          {
            "name": "z",
            "type": {
              "type_id": 11,
              "capacity": 0,
              "string_capacity": 0,
              "nested_type_name": ""
            },
            "default_value": ""
          }
        ]
      },
      {
        "type_name": "geometry_msgs/msg/Wrench",
        "fields": [
          {
            "name": "force",
            "type": {
              "type_id": 1,
              "capacity": 0,
              "string_capacity": 0,
              "nested_type_name": "geometry_msgs/msg/Vector3"
            },
            "default_value": ""
          },
          {
            "name": "torque",
            "type": {
              "type_id": 1,
              "capacity": 0,
              "string_capacity": 0,
              "nested_type_name": "geometry_msgs/msg/Vector3"
            },
            "default_value": ""
          }
        ]
      },
      {
        "type_name": "geometry_msgs/msg/WrenchStamped",
        "fields": [
          {
            "name": "header",
            "type": {
              "type_id": 1,
              "capacity": 0,
              "string_capacity": 0,
              "nested_type_name": "std_msgs/msg/Header"
            },
            "default_value": ""
          },
          {
            "name": "wrench",
            "type": {
              "type_id": 1,
              "capacity": 0,
              "string_capacity": 0,
              "nested_type_name": "geometry_msgs/msg/Wrench"
            },
            "default_value": ""
          }
        ]
      },
      {
        "type_name": "sensor_msgs/msg/JointState",
        "fields": [
          {
            "name": "header",
            "type": {
              "type_id": 1,
              "capacity": 0,
              "string_capacity": 0,
              "nested_type_name": "std_msgs/msg/Header"
            },
            "default_value": ""
          },
          {
            "name": "name",
            "type": {
              "type_id": 161,
              "capacity": 0,
              "string_capacity": 0,
              "nested_type_name": ""
            },
            "default_value": ""
          },
          {
            "name": "position",
            "type": {
              "type_id": 155,
              "capacity": 0,
              "string_capacity": 0,
              "nested_type_name": ""
            },
            "default_value": ""
          },
          {
            "name": "velocity",
            "type": {
              "type_id": 155,
              "capacity": 0,
              "string_capacity": 0,
              "nested_type_name": ""
            },
            "default_value": ""
          },
          {
            "name": "effort",
            "type": {
              "type_id": 155,
              "capacity": 0,
              "string_capacity": 0,
              "nested_type_name": ""
            },
            "default_value": ""
          }
        ]
      },
      {
        "type_name": "std_msgs/msg/Header",
        "fields": [
          {
            "name": "stamp",
            "type": {
              "type_id": 1,
              "capacity": 0,
              "string_capacity": 0,
              "nested_type_name": "builtin_interfaces/msg/Time"
            },
            "default_value": ""
          },
          {
            "name": "frame_id",
            "type": {
              "type_id": 17,
              "capacity": 0,
              "string_capacity": 0,
              "nested_type_name": ""
            },
            "default_value": ""
          }
        ]
      }
    ]
  },
  "type_hashes": [
    {
      "type_name": "franka_msgs/msg/FrankaRobotState",
      "hash_string": "RIHS01_fd225b337bab54d06047858c866442b98e3a882a4717cefc6ddd783fcbf17332"
    },
    {
      "type_name": "builtin_interfaces/msg/Time",
      "hash_string": "RIHS01_b106235e25a4c5ed35098aa0a61a3ee9c9b18d197f398b0e4206cea9acf9c197"
    },
    {
      "type_name": "franka_msgs/msg/CollisionIndicators",
      "hash_string": "RIHS01_17d02113f0e8ec3768433baafd4f27fe5eaacf95d6c21f591bf3473e541e0840"
    },
    {
      "type_name": "franka_msgs/msg/Elbow",
      "hash_string": "RIHS01_f54141b92a05447bfa2f993ac28c289b477358a3d543ad099e1a34c10d70d9bb"
    },
    {
      "type_name": "franka_msgs/msg/Errors",
      "hash_string": "RIHS01_eaf7a9752f64efac239306101020545cebebff8b5130875d95bf0ed4d8bb774d"
    },
    {
      "type_name": "geometry_msgs/msg/Accel",
      "hash_string": "RIHS01_dc448243ded9b1fcbcca24aba0c22f013dae06c354ba2d849571c0a2a3f57ca0"
    },
    {
      "type_name": "geometry_msgs/msg/AccelStamped",
      "hash_string": "RIHS01_ef1df9eabae0a708cc049a061ebcddc4e2a5f745730100ba680e086a9698b165"
    },
    {
      "type_name": "geometry_msgs/msg/Inertia",
      "hash_string": "RIHS01_2ddd5dab5c347825ba2e56c895ddccfd0b8efe53ae931bf67f905529930b4bd7"
    },
    {
      "type_name": "geometry_msgs/msg/InertiaStamped",
      "hash_string": "RIHS01_766be45976252babf7f9d8ac4ae7c912a7ceccf71035622529f27518b695aa09"
    },
    {
      "type_name": "geometry_msgs/msg/Point",
      "hash_string": "RIHS01_6963084842a9b04494d6b2941d11444708d892da2f4b09843b9c43f42a7f6881"
    },
    {
      "type_name": "geometry_msgs/msg/Pose",
      "hash_string": "RIHS01_d501954e9476cea2996984e812054b68026ae0bfae789d9a10b23daf35cc90fa"
    },
    {
      "type_name": "geometry_msgs/msg/PoseStamped",
      "hash_string": "RIHS01_10f3786d7d40fd2b54367835614bff85d4ad3b5dab62bf8bca0cc232d73b4cd8"
    },
    {
      "type_name": "geometry_msgs/msg/Quaternion",
      "hash_string": "RIHS01_8a765f66778c8ff7c8ab94afcc590a2ed5325a1d9a076ffff38fbce36f458684"
    },
    {
      "type_name": "geometry_msgs/msg/Twist",
      "hash_string": "RIHS01_9c45bf16fe0983d80e3cfe750d6835843d265a9a6c46bd2e609fcddde6fb8d2a"
    },
    {
      "type_name": "geometry_msgs/msg/TwistStamped",
      "hash_string": "RIHS01_5f0fcd4f81d5d06ad9b4c4c63e3ea51b82d6ae4d0558f1d475229b1121db6f64"
    },
    {
      "type_name": "geometry_msgs/msg/Vector3",
      "hash_string": "RIHS01_cc12fe83e4c02719f1ce8070bfd14aecd40f75a96696a67a2a1f37f7dbb0765d"
    },
    {
      "type_name": "geometry_msgs/msg/Wrench",
      "hash_string": "RIHS01_018e8519d57c16adbe97c9fe1460ef21fec7e31bc541de3d653a35895677ce52"
    },
    {
      "type_name": "geometry_msgs/msg/WrenchStamped",
      "hash_string": "RIHS01_8dc3deaf06b2ab281f9f9a742a8961c328ca7cec16e3fd6586d3a5c83fa78f77"
    },
    {
      "type_name": "sensor_msgs/msg/JointState",
      "hash_string": "RIHS01_a13ee3a330e346c9d87b5aa18d24e11690752bd33a0350f11c5882bc9179260e"
    },
    {
      "type_name": "std_msgs/msg/Header",
      "hash_string": "RIHS01_f49fb3ae2cf070f793645ff749683ac6b06203e41c891e17701b1cb597ce6a01"
    }
  ]
}