{
  "type_description_msg": {
    "type_description": {
      "type_name": "franka_msgs/srv/SetForceTorqueCollisionBehavior",
      "fields": [
        {
          "name": "request_message",
          "type": {
            "type_id": 1,
            "capacity": 0,
            "string_capacity": 0,
            "nested_type_name": "franka_msgs/srv/SetForceTorqueCollisionBehavior_Request"
          },
          "default_value": ""
        },
        {
          "name": "response_message",
          "type": {
            "type_id": 1,
            "capacity": 0,
            "string_capacity": 0,
            "nested_type_name": "franka_msgs/srv/SetForceTorqueCollisionBehavior_Response"
          },
          "default_value": ""
        },
        {
          "name": "event_message",
          "type": {
            "type_id": 1,
            "capacity": 0,
            "string_capacity": 0,
            "nested_type_name": "franka_msgs/srv/SetForceTorqueCollisionBehavior_Event"
          },
          "default_value": ""
        }
      ]
    },
    "referenced_type_descriptions": [
      {
        "type_name": "builtin_interfaces/msg/Time",
        "fields": [
          {
            "name": "sec",
            "type": {
              "type_id": 6,
              "capacity": 0,
              "string_capacity": 0,
              "nested_type_name": ""
            },
            "default_value": ""
          },
          {
            "name": "nanosec",
            "type": {
              "type_id": 7,
              "capacity": 0,
              "string_capacity": 0,
              "nested_type_name": ""
            },
            "default_value": ""
          }
        ]
      },
      {
        "type_name": "franka_msgs/srv/SetForceTorqueCollisionBehavior_Event",
        "fields": [
          {
            "name": "info",
            "type": {
              "type_id": 1,
              "capacity": 0,
              "string_capacity": 0,
              "nested_type_name": "service_msgs/msg/ServiceEventInfo"
            },
            "default_value": ""
          },
          {
            "name": "request",
            "type": {
              "type_id": 97,
              "capacity": 1,
              "string_capacity": 0,
              "nested_type_name": "franka_msgs/srv/SetForceTorqueCollisionBehavior_Request"
            },
            "default_value": ""
          },
          {
            "name": "response",
            "type": {
              "type_id": 97,
              "capacity": 1,
              "string_capacity": 0,
              "nested_type_name": "franka_msgs/srv/SetForceTorqueCollisionBehavior_Response"
            },
            "default_value": ""
          }
        ]
      },
      {
        "type_name": "franka_msgs/srv/SetForceTorqueCollisionBehavior_Request",
        "fields": [
          {
            "name": "lower_torque_thresholds_nominal",
            "type": {
              "type_id": 59,
              "capacity": 7,
              "string_capacity": 0,
              "nested_type_name": ""
            },
            "default_value": ""
          },
          {
            "name": "upper_torque_thresholds_nominal",
            "type": {
              "type_id": 59,
              "capacity": 7,
              "string_capacity": 0,
              "nested_type_name": ""
            },
            "default_value": ""
          },
          {
            "name": "lower_force_thresholds_nominal",
            "type": {
              "type_id": 59,
              "capacity": 6,
              "string_capacity": 0,
              "nested_type_name": ""
            },
            "default_value": ""
          },
          {
            "name": "upper_force_thresholds_nominal",
            "type": {
              "type_id": 59,
              "capacity": 6,
              "string_capacity": 0,
              "nested_type_name": ""
            },
            "default_value": ""
          }
        ]
      },
      {
        "type_name": "franka_msgs/srv/SetForceTorqueCollisionBehavior_Response",
        "fields": [
          {
            "name": "success",
            "type": {
              "type_id": 15,
              "capacity": 0,
              "string_capacity": 0,
              "nested_type_name": ""
            },
            "default_value": ""
          },
          {
            "name": "error",
            "type": {
              "type_id": 17,
              "capacity": 0,
              "string_capacity": 0,
              "nested_type_name": ""
            },
            "default_value": ""
          }
        ]
      },
      {
        "type_name": "service_msgs/msg/ServiceEventInfo",
        "fields": [
          {
            "name": "event_type",
            "type": {
              "type_id": 3,
              "capacity": 0,
              "string_capacity": 0,
              "nested_type_name": ""
            },
            "default_value": ""
          },
          {
            "name": "stamp",
            "type": {
              "type_id": 1,
              "capacity": 0,
              "string_capacity": 0,
              "nested_type_name": "builtin_interfaces/msg/Time"
            },
            "default_value": ""
          },
          {
            "name": "client_gid",
            "type": {
              "type_id": 51,
              "capacity": 16,
              "string_capacity": 0,
              "nested_type_name": ""
            },
            "default_value": ""
          },
          {
            "name": "sequence_number",
            "type": {
              "type_id": 8,
              "capacity": 0,
              "string_capacity": 0,
              "nested_type_name": ""
            },
            "default_value": ""
          }
        ]
      }
    ]
  },
  "type_hashes": [
    {
      "type_name": "franka_msgs/srv/SetForceTorqueCollisionBehavior",
      "hash_string": "RIHS01_498692c68cbe7d868ca0b90256f9f3c7a51b44b5b33d7a39d28fc06ab01bd2e2"
    },
    {
      "type_name": "builtin_interfaces/msg/Time",
      "hash_string": "RIHS01_b106235e25a4c5ed35098aa0a61a3ee9c9b18d197f398b0e4206cea9acf9c197"
    },
    {
      "type_name": "franka_msgs/srv/SetForceTorqueCollisionBehavior_Event",
      "hash_string": "RIHS01_05e19f702f72e5610cd8d3b8c0a42b96414ff022e64131880e34f5d8264b598a"
    },
    {
      "type_name": "franka_msgs/srv/SetForceTorqueCollisionBehavior_Request",
      "hash_string": "RIHS01_9a07d7d351f955c2f9587d398effcdedc93888c8093051a05d8f14d8d1d9021d"
    },
    {
      "type_name": "franka_msgs/srv/SetForceTorqueCollisionBehavior_Response",
      "hash_string": "RIHS01_607eaf62db4b8aa0603a073aebb93fcfc5ddba82181238b4cfb6323879d35bbc"
    },
    {
      "type_name": "service_msgs/msg/ServiceEventInfo",
      "hash_string": "RIHS01_41bcbbe07a75c9b52bc96bfd5c24d7f0fc0a08c0cb7921b3373c5732345a6f45"
    }
  ]
}